82098922411,James,Romero,jromeroj7@umn.edu,France,72.127.8.45
71665384442,Lisa,Andrews,landrewsqk@sina.com.cn,Indonesia,103.50.81.27
96344984737,Christina,Lawrence,clawrenceg1@skyrock.com,Czech Republic,136.206.35.206
28543443218,Virginia,Butler,vbutlerce@skype.com,Thailand,222.222.24.215
47876763512,Donald,Wilson,dwilsonmd@tiny.cc,China,132.10.137.73
88026928209,Billy,Day,bdayg3@bloglines.com,France,125.127.180.198
95532423672,Linda,Ferguson,lfergusoneh@mozilla.org,Indonesia,158.34.119.70
38309771745,Scott,Cole,scole7p@youtube.com,Denmark,48.4.216.15
30868131310,Debra,Henderson,dhendersonme@slideshare.net,Bulgaria,181.178.100.77
40250045585,Anna,Carpenter,acarpenter93@about.com,China,35.115.188.162
71575617689,Joseph,Hanson,jhansonou@goo.gl,Russia,180.44.5.83
59885114641,Gerald,Gardner,ggardnere@cam.ac.uk,Iran,44.64.179.53
04447161607,Cynthia,Hanson,chansonj5@biglobe.ne.jp,South Africa,59.155.68.131
80657300108,Harold,Hanson,hhansonno@guardian.co.uk,Poland,10.36.100.35
65909909733,Lisa,Miller,lmillereq@samsung.com,Indonesia,18.194.46.122
25564911700,Judith,Turner,jturnerh6@state.gov,China,240.135.188.68
78775928214,Katherine,Stanley,kstanleylh@cloudflare.com,Sweden,219.111.178.206
76765615458,Jean,Austin,jaustinq8@opera.com,Russia,187.229.7.180
94375021656,Katherine,Gomez,kgomezof@ocn.ne.jp,Indonesia,34.132.56.113
37238696354,George,Bradley,gbradleyjp@aol.com,Indonesia,255.25.192.150
04603296307,Steve,Simpson,ssimpson1d@meetup.com,Indonesia,63.123.42.185
53092184589,Rebecca,Elliott,relliottne@mail.ru,Indonesia,108.9.38.128
16024911198,Antonio,James,ajamesbx@so-net.ne.jp,Netherlands,169.236.152.45
00629248302,Janet,Peters,jpeters7p@elegantthemes.com,Malaysia,56.145.43.233
07123642328,Debra,Nguyen,dnguyen7j@ftc.gov,China,130.150.156.91
02245446616,Paul,Nguyen,pnguyenbw@vimeo.com,Dominican Republic,184.145.183.224
36863978732,David,Gutierrez,dgutierrez70@microsoft.com,Ecuador,248.244.79.191
58822485200,Nancy,Sanders,nsandersoo@cisco.com,Denmark,182.135.136.150
81790520253,Gloria,Watkins,gwatkinsm5@deliciousdays.com,France,108.55.142.234
91604604893,Sara,Wood,swoodro@phoca.cz,Guatemala,21.14.254.229
41941135769,Gerald,Ramos,gramosor@whitehouse.gov,Philippines,198.73.144.54
08459300173,Victor,Nguyen,vnguyenmr@yale.edu,Indonesia,62.215.100.181
83380309567,Pamela,Stewart,pstewartm8@dailymotion.com,Kazakhstan,240.202.50.61
32644636938,Kelly,Myers,kmyerslj@woothemes.com,China,239.32.168.214
44668041430,Jose,Ramirez,jramirezgy@noaa.gov,Spain,246.184.153.143
18761382039,Arthur,Sanchez,asanchezh1@diigo.com,Ukraine,58.44.99.205
33579379774,Diana,Nguyen,dnguyen1@purevolume.com,Czech Republic,18.226.190.105
51901943761,Paula,Hudson,phudson52@live.com,Japan,128.103.134.29
27134867901,Amanda,Cole,acole4w@nih.gov,China,177.249.166.204
69986930534,Donna,Turner,dturnerat@wufoo.com,Sweden,20.247.112.193
37599820690,Doris,Carpenter,dcarpenter3n@zdnet.com,Netherlands,145.179.70.22
32101878701,Barbara,Fields,bfieldsev@howstuffworks.com,Portugal,120.153.16.20
49532892819,Melissa,Lee,mleeos@ebay.com,Sierra Leone,66.241.105.9
20552248673,Timothy,Price,tpricema@unblog.fr,France,154.135.211.170
97740631533,Irene,Burton,iburtonnv@intel.com,Colombia,102.10.185.177
78501570528,Harold,Hunt,hhunt89@slideshare.net,Poland,92.209.159.218
59910252557,Albert,Richards,arichards4g@dmoz.org,Comoros,248.132.156.33
99822004859,Heather,Allen,hallen4m@theguardian.com,Indonesia,193.84.109.80
55285308534,Amy,Alexander,aalexanderhj@aboutads.info,Kazakhstan,60.136.78.138
53336085759,Marilyn,Vasquez,mvasquezra@facebook.com,Poland,194.10.101.92
95082319296,Larry,Andrews,landrews5r@mit.edu,Canada,254.253.157.163
46481261093,Ernest,Ray,eraygi@php.net,Czech Republic,233.251.83.8
24874516670,Theresa,Gordon,tgordonjk@drupal.org,Greece,65.105.238.209
22249115084,Harry,Banks,hbanksjb@blogs.com,Indonesia,122.195.32.191
57177462500,Terry,Perez,tperez51@istockphoto.com,Indonesia,254.234.77.78
68580291029,Mildred,Peters,mpeterspm@samsung.com,France,249.21.41.153
75105415286,Phillip,Hamilton,phamiltonix@illinois.edu,China,130.178.6.200
13464294177,Nancy,Robertson,nrobertsong6@oakley.com,Cuba,38.222.35.123
56089248758,Katherine,Anderson,kanderson2n@foxnews.com,Portugal,124.95.70.94
07941242588,Sharon,Hill,shillhs@merriam-webster.com,Canada,156.28.231.102
69083577616,John,Kelly,jkellycl@noaa.gov,Sweden,179.96.82.98
28296492758,Janice,Rodriguez,jrodriguezn2@theglobeandmail.com,Brazil,216.206.137.144
85485413341,Judith,Smith,jsmith11@independent.co.uk,Indonesia,182.42.26.73
83326665362,Andrew,Anderson,aandersongl@usa.gov,China,153.252.237.159
44549791674,Maria,Brooks,mbrooksga@icq.com,South Africa,179.222.118.1
23711277569,Andrew,Henry,ahenryca@elegantthemes.com,China,36.156.87.233
13359348051,Benjamin,Fisher,bfisherd8@imageshack.us,Brazil,54.104.16.211
02717335608,Sharon,Bradley,sbradley6b@symantec.com,Mexico,96.47.29.215
26710738701,Donna,Mason,dmasonk1@hao123.com,United States,8.177.138.19
94669192963,Timothy,Crawford,tcrawfordh5@bigcartel.com,Mexico,46.187.164.250
90580431378,Paula,Owens,powens4h@marketwatch.com,China,185.174.45.39
98747109056,Billy,Morris,bmorriscu@instagram.com,Portugal,207.182.141.79
91196239761,Nancy,Dunn,ndunno3@unicef.org,Indonesia,6.122.33.88
02220269997,Joseph,Knight,jknightcc@amazonaws.com,Ukraine,213.58.119.77
55937871322,Bobby,Kim,bkimd3@alexa.com,Indonesia,103.219.237.87
56014599012,Benjamin,Woods,bwoodsga@indiegogo.com,Pakistan,2.141.60.141
76454735186,Ernest,Holmes,eholmesoi@jigsy.com,Ukraine,105.118.211.130
48808145309,Jack,Myers,jmyersaa@earthlink.net,Germany,22.79.50.33
27327385704,Katherine,Johnston,kjohnstonqm@bing.com,Bosnia and Herzegovina,216.195.237.109
35439906212,Emily,Franklin,efranklin9v@tiny.cc,Japan,30.195.135.9
65950008801,Judith,Mccoy,jmccoym1@odnoklassniki.ru,China,106.165.62.72
67527404692,James,Nguyen,jnguyenj3@bbb.org,Brazil,125.121.196.17
79164973206,Diana,Hernandez,dhernandezeh@amazon.co.jp,Botswana,220.105.244.74
29501860856,Paul,Ryan,pryanb9@mit.edu,Portugal,84.166.42.40
10718889972,Phillip,Bowman,pbowman81@hugedomains.com,China,157.109.126.174
14165308789,Clarence,Fields,cfieldsfn@shop-pro.jp,China,1.108.159.98
87909010576,Elizabeth,Davis,edavisc4@usa.gov,Germany,50.208.205.56
75078037065,Wanda,Gray,wgrayhn@spotify.com,Thailand,59.124.187.189
72778809552,Betty,Ford,bford11@businessweek.com,Poland,101.49.70.250
14157815217,Teresa,Cunningham,tcunninghamjo@ca.gov,China,113.93.32.75
93310104379,Angela,Stephens,astephensnc@gizmodo.com,Philippines,44.160.126.131
09949379303,Todd,Stephens,tstephenspd@w3.org,Indonesia,246.124.249.213
62821024713,Stephanie,Freeman,sfreeman3n@wordpress.org,Indonesia,159.251.148.52
02279468675,Jennifer,Edwards,jedwards2z@domainmarket.com,Croatia,125.253.207.204
31885177037,Gerald,Carter,gcarter5z@people.com.cn,Thailand,201.42.101.237
69452902458,Ryan,Young,ryoungjs@sourceforge.net,Poland,128.139.8.146
92667587480,Nicholas,Richards,nrichardsel@shinystat.com,Brazil,134.17.141.221
63191300014,Amanda,Myers,amyersnl@dyndns.org,China,188.113.76.86
62183137412,Ronald,Simpson,rsimpsonax@sina.com.cn,China,123.198.79.57
10398302941,Paula,Hayes,phayesbf@t.co,Russia,153.72.103.85
45723967580,Kelly,Garcia,kgarciajh@google.pl,China,62.215.229.190
12775917511,Peter,Richards,prichardse8@mail.ru,Togo,85.137.38.133
60662593377,Richard,Stephens,rstephensh3@tinyurl.com,China,24.188.26.62
86078242681,Matthew,Mendoza,mmendozapr@prlog.org,China,186.215.236.104
27853353804,Ruth,Williams,rwilliams3b@reuters.com,Peru,49.47.102.21
57974257864,Brenda,Murphy,bmurphy87@com.com,China,205.247.184.89
41320318037,Daniel,Cook,dcook1c@pinterest.com,Uzbekistan,216.52.57.168
12246240317,Edward,Welch,ewelch8o@msn.com,Nigeria,157.146.122.71
54592043741,Scott,Sullivan,ssullivangb@pcworld.com,Japan,133.42.15.57
44952796877,Roger,Robinson,rrobinsoni@fda.gov,Canada,16.154.173.201
99954549978,Barbara,Fisher,bfisherpu@networksolutions.com,Philippines,72.21.221.41
70686252936,Martha,Martinez,mmartinezc0@cam.ac.uk,Sweden,106.38.215.230
26422877297,Nicholas,Adams,nadamsie@amazon.com,Poland,24.20.41.238
69836812153,Louise,Collins,lcollinsed@msu.edu,China,51.70.181.154
14736627130,Carolyn,Fields,cfieldspj@wikia.com,China,159.202.231.42
64379681037,Shirley,Graham,sgrahamqd@over-blog.com,Indonesia,160.2.201.1
42974573764,Jack,Montgomery,jmontgomeryl0@miibeian.gov.cn,Malaysia,195.78.216.85
95829737992,Patricia,Gutierrez,pgutierrez6i@flavors.me,China,203.67.154.254
58992956702,Lillian,Day,lday48@github.com,Cameroon,205.170.103.57
45534079388,Kathryn,Graham,kgraham94@digg.com,Nicaragua,245.138.97.34
53403075292,Brenda,Hanson,bhansonjo@dedecms.com,Ivory Coast,121.156.141.68
05650401533,Juan,Morris,jmorrisoy@topsy.com,Ecuador,118.35.80.50
10679241927,Willie,Alexander,walexanderdr@about.me,Indonesia,23.217.254.52
94728876441,Carolyn,Kelley,ckelleyef@npr.org,France,58.142.221.97
17238182934,Diane,Ray,draykm@people.com.cn,Panama,246.88.48.66
71214782640,Barbara,Jacobs,bjacobs9n@yale.edu,New Zealand,251.213.255.8
56003321453,Ruth,Bailey,rbaileybz@mediafire.com,Argentina,125.98.218.64
42587633185,Katherine,Knight,kknightou@washington.edu,Thailand,16.77.83.110
71782553727,Timothy,Daniels,tdanielsrr@yahoo.com,Canada,96.43.106.36
68366815751,Adam,Wallace,awallace9p@senate.gov,Poland,186.138.121.225
15966397136,Theresa,Garrett,tgarretthv@theatlantic.com,Greece,25.204.221.225
03652476632,Doris,Richardson,drichardsoniw@tripadvisor.com,Venezuela,39.133.198.136
91213396129,Donald,Hansen,dhansena1@feedburner.com,China,117.49.49.122
80046851552,Ronald,Fields,rfieldsfj@noaa.gov,China,44.130.43.234
81833684119,Donna,Garrett,dgarrett49@disqus.com,China,222.98.249.37
88502447800,Victor,Powell,vpowell9l@over-blog.com,Russia,36.14.10.57
83983887705,Benjamin,Elliott,belliottph@usgs.gov,Czech Republic,120.123.13.103
02443701359,Jimmy,Shaw,jshawc7@engadget.com,France,103.123.84.142
19273649074,Harold,Hunter,hhunterho@bloomberg.com,China,140.238.235.24
68540197949,Pamela,Duncan,pduncan2g@usgs.gov,Mali,243.150.100.240
46131419430,Christina,Holmes,cholmes8e@last.fm,Russia,111.57.197.148
07008397785,Gary,Hudson,ghudsonrb@wiley.com,Sweden,50.202.8.148
52491891034,Catherine,Palmer,cpalmerio@digg.com,Sweden,142.194.87.210
70657344556,Susan,Hayes,shayesc@amazon.co.jp,Philippines,167.47.132.203
17777249653,Dennis,Rodriguez,drodriguezeu@dailymail.co.uk,China,99.144.134.13
71020722399,Denise,Johnston,djohnstonbm@aol.com,France,119.218.68.38
63400944389,Roy,Green,rgreenab@weebly.com,China,10.197.114.197
81199686967,Joyce,Collins,jcollinsjr@cam.ac.uk,South Africa,29.124.152.63
34149611948,William,Henderson,whendersonk2@craigslist.org,China,60.14.122.213
23792663932,Kevin,Ramirez,kramirezeb@nytimes.com,Sweden,20.72.110.146
22455460741,Robert,Kelly,rkelly2f@google.cn,Brazil,190.148.39.209
08737544424,Betty,Olson,bolsonj7@blogger.com,Indonesia,18.162.46.44
53648611112,Philip,Chavez,pchavezba@theglobeandmail.com,Morocco,82.125.50.142
23952237092,Gregory,Barnes,gbarnesa8@about.com,Brazil,71.96.88.42
04069538229,Thomas,Holmes,tholmeskk@dyndns.org,Brazil,208.92.52.202
40094787582,Shirley,Lopez,slopez4k@netscape.com,Indonesia,155.75.42.209
19041084577,Jimmy,Myers,jmyersg@amazon.de,Russia,67.254.53.197
47788031716,Gloria,Cunningham,gcunningham2e@oaic.gov.au,Croatia,0.50.127.227
40772083559,Katherine,West,kwesti0@quantcast.com,Brazil,119.226.16.156
51680634027,Christopher,Mendoza,cmendozacc@msn.com,Hong Kong,104.199.216.90
12811126105,Billy,Stephens,bstephenshc@instagram.com,Iran,12.181.221.168
16059169179,Barbara,Rodriguez,brodriguezfb@bravesites.com,Poland,131.121.80.206
05562014971,Heather,Medina,hmedina44@nature.com,Vietnam,248.211.201.35
33707860075,Rose,Torres,rtorres2b@desdev.cn,Ukraine,187.121.3.197
99538156002,Bonnie,Hayes,bhayesjs@facebook.com,Brazil,57.75.151.203
98256151135,Mark,Foster,mfoster5e@devhub.com,Brazil,167.74.250.64
23552661121,Diane,Vasquez,dvasquezc1@taobao.com,Indonesia,135.155.54.25
83608336849,Jose,Weaver,jweaver7f@geocities.jp,Argentina,135.244.236.12
76102476858,Kathryn,Kennedy,kkennedy64@fc2.com,Indonesia,177.238.213.158
17285624429,Matthew,Hughes,mhughesq8@eventbrite.com,Mexico,203.202.163.234
01613393943,Lawrence,Marshall,lmarshallmz@scientificamerican.com,Russia,196.198.109.214
94455382459,Tina,Fox,tfoxqq@macromedia.com,Russia,209.166.87.49
47271900833,Walter,Graham,wgraham5u@technorati.com,China,223.162.118.121
55709892465,Joe,Barnes,jbarnesqs@cloudflare.com,Eritrea,118.116.240.172
48488754521,Henry,Scott,hscottdo@imgur.com,Russia,140.210.131.10
99160756539,Diana,Henderson,dhendersonr1@dedecms.com,China,220.137.202.188
04399559556,Sean,Meyer,smeyer7q@yolasite.com,Ireland,245.224.7.113
45903105137,Sarah,Bailey,sbaileyal@free.fr,Mongolia,105.125.199.98
07356528853,Sara,Murray,smurray7j@ted.com,Honduras,159.45.231.102
64124127997,Raymond,Lewis,rlewisde@telegraph.co.uk,China,218.231.87.192
23801115786,Shawn,Jordan,sjordanrl@godaddy.com,Chile,88.200.246.116
11995710870,Johnny,Lee,jleely@google.ca,Brazil,96.133.253.186
80771151743,Kenneth,Romero,kromeroqu@alibaba.com,Afghanistan,81.155.20.41
86444642286,Louise,Perkins,lperkinsm2@merriam-webster.com,China,171.213.141.146
90462783539,Fred,Hudson,fhudsonro@bing.com,Japan,242.222.13.212
60330882800,Jeffrey,Fields,jfieldsqq@mtv.com,China,152.44.250.1
35165476902,Ronald,Bailey,rbaileyca@cpanel.net,Philippines,204.216.70.248
79584054394,Kelly,Lewis,klewisod@instagram.com,Indonesia,153.65.246.122
24518421061,Diane,Hanson,dhansone0@utexas.edu,China,107.212.223.58
24313306697,Harold,Dean,hdeanrl@yolasite.com,Indonesia,71.34.152.73
51311071256,Diana,Stanley,dstanleyo7@ted.com,Finland,54.137.206.206
08485278493,Harry,Wells,hwells61@ask.com,Ukraine,69.77.55.19
52432263083,Donald,Reynolds,dreynoldsny@uol.com.br,Brazil,13.10.39.254
59847657027,Deborah,Mitchell,dmitchellk8@t.co,Philippines,94.126.144.186
44559721605,Henry,Carr,hcarrbd@ebay.co.uk,French Guiana,31.183.227.185
53110876331,Carolyn,Robertson,crobertsonqs@tamu.edu,Poland,246.153.105.172
80746640036,Joe,Butler,jbutleram@dedecms.com,Indonesia,83.201.126.66
46593916988,Karen,Lopez,klopezm5@mediafire.com,Argentina,254.230.16.53
48110889104,Justin,Meyer,jmeyermf@phpbb.com,El Salvador,19.161.251.211
82558856364,Albert,Thomas,athomasnb@bbb.org,Serbia,2.89.138.14
